pool,name,left_or_right,seq,start,end,hand,number
SARSCoV_1200_1,SARSCoV_1200_1_LEFT,left,ACCAACCAACTTTCGATCTCTTGT,30,53,LEFT,1
SARSCoV_1200_1,SARSCoV_1200_1_RIGHT,right,GGTTGCATTCATTTGGTGACGC,1183,1204,RIGHT,1
SARSCoV_1200_3,SARSCoV_1200_3_LEFT,left,GGCTTGAAGAGAAGTTTAAGGAAGGT,2153,2178,LEFT,3
SARSCoV_1200_3,SARSCoV_1200_3_RIGHT,right,GATTGTCCTCACTGCCGTCTTG,3235,3256,RIGHT,3
SARSCoV_1200_5,SARSCoV_1200_5_LEFT,left,ACCTACTAAAAAGGCTGGTGGC,4167,4188,LEFT,5
SARSCoV_1200_5,SARSCoV_1200_5_RIGHT,right,AGCATCTTGTAGAGCAGGTGGA,5337,5358,RIGHT,5
SARSCoV_1200_7,SARSCoV_1200_7_LEFT,left,ACCTGGTGTATACGTTGTCTTTGG,6283,6306,LEFT,7
SARSCoV_1200_7,SARSCoV_1200_7_RIGHT,right,GCTGAAATCGGGGCCATTTGTA,7379,7400,RIGHT,7
SARSCoV_1200_9,SARSCoV_1200_9_LEFT,left,AGAAGTTACTGGCGATAGTTGTAATAACT,8253,8281,LEFT,9
SARSCoV_1200_9,SARSCoV_1200_9_RIGHT,right,TGCTGATATGTCCAAAGCACCA,9378,9399,RIGHT,9
SARSCoV_1200_11,SARSCoV_1200_11_LEFT,left,AGACACCTAAGTATAAGTTTGTTCGCA,10343,10369,LEFT,11
SARSCoV_1200_11,SARSCoV_1200_11_RIGHT,right,GCCCACATGGAAATGGCTTGAT,11447,11468,RIGHT,11
SARSCoV_1200_13,SARSCoV_1200_13_LEFT,left,ACCTCTTACAACAGCAGCCAAAC,12450,12472,LEFT,13
SARSCoV_1200_13,SARSCoV_1200_13_RIGHT,right,CGTCCTTTTCTTGGAAGCGACA,13599,13620,RIGHT,13
SARSCoV_1200_15,SARSCoV_1200_15_LEFT,left,TTTTAAGGAATTACTTGTGTATGCTGCT,14540,14567,LEFT,15
SARSCoV_1200_15,SARSCoV_1200_15_RIGHT,right,ACACACAACAGCATCGTCAGAG,15713,15734,RIGHT,15
SARSCoV_1200_17,SARSCoV_1200_17_LEFT,left,TCAAGCTTTTTGCAGCAGAAACG,16624,16646,LEFT,17
SARSCoV_1200_17,SARSCoV_1200_17_RIGHT,right,CCAAGCAGGGTTACGTGTAAGG,17732,17753,RIGHT,17
SARSCoV_1200_19,SARSCoV_1200_19_LEFT,left,GGCACATGGCTTTGAGTTGACA,18596,18617,LEFT,19
SARSCoV_1200_19,SARSCoV_1200_19_RIGHT,right,CCTGTTGTCCATCAAAGTGTCCC,19655,19677,RIGHT,19
SARSCoV_1200_21,SARSCoV_1200_21_LEFT,left,TCTGTAGTTTCTAAGGTTGTCAAAGTGA,20553,20580,LEFT,21
SARSCoV_1200_21,SARSCoV_1200_21_RIGHT,right,GCAGGGGGTAATTGAGTTCTGG,21620,21641,RIGHT,21
SARSCoV_1200_23,SARSCoV_1200_23_LEFT,left,ACTTTAGAGTCCAACCAACAGAATCT,22511,22536,LEFT,23
SARSCoV_1200_23,SARSCoV_1200_23_RIGHT,right,TGACTAGCTACACTACGTGCCC,23609,23630,RIGHT,23
SARSCoV_1200_25,SARSCoV_1200_25_LEFT,left,TGCTGCTACTAAAATGTCAGAGTGT,24633,24657,LEFT,25
SARSCoV_1200_25,SARSCoV_1200_25_RIGHT,right,CATTTCCAGCAAAGCCAAAGCC,25768,25789,RIGHT,25
SARSCoV_1200_27,SARSCoV_1200_27_LEFT,left,TGGATCACCGGTGGAATTGCTA,26744,26765,LEFT,27
SARSCoV_1200_27,SARSCoV_1200_27_RIGHT,right,TGTTCGTTTAGGCGTGACAAGT,27872,27893,RIGHT,27
SARSCoV_1200_29,SARSCoV_1200_29_LEFT,left,TGAGGGAGCCTTGAATACACCA,28677,28698,LEFT,29
SARSCoV_1200_29,SARSCoV_1200_29_RIGHT,right,TAGGCAGCTCTCCCTAGCATTG,29768,29789,RIGHT,29
SARSCoV_1200_2,SARSCoV_1200_2_LEFT,left,CCATAATCAAGACTATTCAACCAAGGGT,1100,1127,LEFT,2
SARSCoV_1200_2,SARSCoV_1200_2_RIGHT,right,ACAGGTGACAATTTGTCCACCG,2244,2265,RIGHT,2
SARSCoV_1200_4,SARSCoV_1200_4_LEFT,left,GGAATTTGGTGCCACTTCTGCT,3144,3165,LEFT,4
SARSCoV_1200_4,SARSCoV_1200_4_RIGHT,right,CCTGACCCGGGTAAGTGGTTAT,4240,4261,RIGHT,4
SARSCoV_1200_6,SARSCoV_1200_6_LEFT,left,ACTTCTATTAAATGGGCAGATAACAACTG,5257,5285,LEFT,6
SARSCoV_1200_6,SARSCoV_1200_6_RIGHT,right,GATTATCCATTCCCTGCGCGTC,6358,6379,RIGHT,6
SARSCoV_1200_8,SARSCoV_1200_8_LEFT,left,CAATCATGCAATTGTTTTTCAGCTATTTTG,7298,7327,LEFT,8
SARSCoV_1200_8,SARSCoV_1200_8_RIGHT,right,TGACTTTTTGCTACCTGCGCAT,8363,8384,RIGHT,8
SARSCoV_1200_10,SARSCoV_1200_10_LEFT,left,TTTACCAGGAGTTTTCTGTGGTGT,9303,9326,LEFT,10
SARSCoV_1200_10,SARSCoV_1200_10_RIGHT,right,TGGGCCTCATAGCACATTGGTA,10429,10450,RIGHT,10
SARSCoV_1200_12,SARSCoV_1200_12_LEFT,left,ATGGTGCTAGGAGAGTGTGGAC,11372,11393,LEFT,12
SARSCoV_1200_12,SARSCoV_1200_12_RIGHT,right,GGATTTCCCACAATGCTGATGC,12538,12559,RIGHT,12
SARSCoV_1200_14,SARSCoV_1200_14_LEFT,left,ACAGGCACTAGTACTGATGTCGT,13509,13531,LEFT,14
SARSCoV_1200_14,SARSCoV_1200_14_RIGHT,right,GTGCAGCTACTGAAAAGCACGT,14619,14640,RIGHT,14
SARSCoV_1200_16,SARSCoV_1200_16_LEFT,left,ACAACACAGACTTTATGAGTGTCTCT,15608,15633,LEFT,16
SARSCoV_1200_16,SARSCoV_1200_16_RIGHT,right,CTCTGTCAGACAGCACTTCACG,16698,16719,RIGHT,16
SARSCoV_1200_18,SARSCoV_1200_18_LEFT,left,GCACATAAAGACAAATCAGCTCAATGC,17622,17648,LEFT,18
SARSCoV_1200_18,SARSCoV_1200_18_RIGHT,right,TGTCTGAAGCAGTGGAAAAGCA,18684,18705,RIGHT,18
SARSCoV_1200_20,SARSCoV_1200_20_LEFT,left,ACAATTTGATACTTATAACCTCTGGAACAC,19574,19603,LEFT,20
SARSCoV_1200_20,SARSCoV_1200_20_RIGHT,right,GATTAGGCATAGCAACACCCGG,20676,20697,RIGHT,20
SARSCoV_1200_22,SARSCoV_1200_22_LEFT,left,GTGATGTTCTTGTTAACAACTAAACGAACA,21532,21561,LEFT,22
SARSCoV_1200_22,SARSCoV_1200_22_RIGHT,right,AACAGATGCAAATCTGGTGGCG,22590,22611,RIGHT,22
SARSCoV_1200_24,SARSCoV_1200_24_LEFT,left,GCTGAACATGTCAACAACTCATATGA,23518,23543,LEFT,24
SARSCoV_1200_24,SARSCoV_1200_24_RIGHT,right,ATGAGGTGCTGACTGAGGGAAG,24714,24735,RIGHT,24
SARSCoV_1200_26,SARSCoV_1200_26_LEFT,left,GCCTTGAAGCCCCTTTTCTCTA,25690,25711,LEFT,26
SARSCoV_1200_26,SARSCoV_1200_26_RIGHT,right,AATGACCACATGGAACGCGTAC,26835,26856,RIGHT,26
SARSCoV_1200_28,SARSCoV_1200_28_LEFT,left,TTTGTGCTTTTTAGCCTTTCTGCT,27784,27807,LEFT,28
SARSCoV_1200_28,SARSCoV_1200_28_RIGHT,right,GTTTGGCCTTGTTGTTGTTGGC,28985,29006,RIGHT,28
